{
    "default": {
        "name": "Epipelagic",
        "background": "Background",
		"colors":{
		    "specularColors": {
                "r": 0.98,
                "g": 0.7,
                "b": 0.75
			},
		    "diffuseColors": {
                "r": 1.0,
                "g": 0.9,
                "b": 0.9
			}
		},
        
		"oxygenPercentage": 0.21,
		"carbonDioxidePercentage": 0.09,
		"averageTemperature": 8,
        
        "compounds": {
            "ammonia": {
                "amount": 300000,
                "density": 0.00002
            },

            "glucose": {
                "amount": 350000,
                "density": 0.00002
            },
            
            "phosphates": {
                "amount": 300000,
                "density": 0.00002
            },

            "hydrogensulfide": {
                "amount": 325000,
                "density": 0.00002
            }
        }
    },

    "volcanic_vent": {
        "name": "Volcanic vent",
        "background": "Background_Vent",
		"colors":{
		    "specularColors": {
                "r": 0.98,
                "g": 0.7,
                "b": 0.75
			},
		    "diffuseColors": {
                "r": 1.0,
                "g": 0.9,
                "b": 0.9
			}
		},
        
		"oxygenPercentage": 0.21,
		"carbonDioxidePercentage": 0.09,
		"averageTemperature": 98,
        
        "compounds": {
            "ammonia": {
                "amount": 300000,
                "density": 0.00002
            },

            "glucose": {
                "amount": 350000,
                "density": 0.00002
            },
            
            "phosphates": {
                "amount": 300000,
                "density": 0.00002
            },

            "hydrogensulfide": {
                "amount": 325000,
                "density": 0.00002
            }
        }
    },
    "tidepool": {
        "name": "Tidepool",
        "background": "Background_Tidepool",
		"colors":{
		    "specularColors": {
                "r": 0.98,
                "g": 0.7,
                "b": 0.75
			},
		    "diffuseColors": {
                "r": 1.0,
                "g": 0.9,
                "b": 0.9
			}
		},
        
		"oxygenPercentage": 0.21,
		"carbonDioxidePercentage": 0.09,
		"averageTemperature": 23,
        
        "compounds": {
            "ammonia": {
                "amount": 300000,
                "density": 0.00002
            },

            "glucose": {
                "amount": 350000,
                "density": 0.00002
            },
            
            "phosphates": {
                "amount": 300000,
                "density": 0.00002
            },

            "hydrogensulfide": {
                "amount": 325000,
                "density": 0.00002
            }
        }
    },
    "bathypalagic": {
        "name": "Bathypalagic",
        "background": "Background_Bathypalagic",
		"colors":{
		    "specularColors": {
                "r": 0.98,
                "g": 0.7,
                "b": 0.75
			},
		    "diffuseColors": {
                "r": 1.0,
                "g": 0.9,
                "b": 0.9
			}
		},
		"oxygenPercentage": 0.21,
		"carbonDioxidePercentage": 0.09,
		"averageTemperature": 2,
        "compounds": {
            "ammonia": {
                "amount": 300000,
                "density": 0.00002
            },

            "glucose": {
                "amount": 350000,
                "density": 0.00002
            },
            
            "phosphates": {
                "amount": 300000,
                "density": 0.00002
            },

            "hydrogensulfide": {
                "amount": 325000,
                "density": 0.00002
            }
        }
    },
    
    "mesopelagic": {
        "name": "Mesopelagic",
        "background": "Background_Mesopelagic",
		"colors":{
		    "specularColors": {
                "r": 0.98,
                "g": 0.7,
                "b": 0.75
			},
		    "diffuseColors": {
                "r": 1.0,
                "g": 0.9,
                "b": 0.9
			}
		},
		"oxygenPercentage": 0.21,
		"carbonDioxidePercentage": 0.09,
		"averageTemperature": 2,
        "compounds": {
            "ammonia": {
                "amount": 300000,
                "density": 0.00002
            },

            "glucose": {
                "amount": 350000,
                "density": 0.00002
            },
            
            "phosphates": {
                "amount": 300000,
                "density": 0.00002
            },

            "hydrogensulfide": {
                "amount": 325000,
                "density": 0.00002
            }
        }
    },
    
    "coastal": {
        "name": "Coastal",
        "background": "Background_Coastal",
		"colors":{
		    "specularColors": {
                "r": 0.98,
                "g": 0.7,
                "b": 0.75
			},
		    "diffuseColors": {
                "r": 1.0,
                "g": 0.9,
                "b": 0.9
			}
		},
		"oxygenPercentage": 0.21,
		"carbonDioxidePercentage": 0.09,
		"averageTemperature": 17,
        "compounds": {
            "ammonia": {
                "amount": 300000,
                "density": 0.00002
            },

            "glucose": {
                "amount": 350000,
                "density": 0.00002
            },
            
            "phosphates": {
                "amount": 300000,
                "density": 0.00002
            },

            "hydrogensulfide": {
                "amount": 325000,
                "density": 0.00002
            }
        }
    },
	
	"underwater_cave": {
        "name": "UnderwaterCave",
        "background": "Background_Cave",
		"colors":{
		    "specularColors": {
                "r": 0.98,
                "g": 0.7,
                "b": 0.75
			},
		    "diffuseColors": {
                "r": 1.0,
                "g": 0.9,
                "b": 0.9
			}
		},
		"oxygenPercentage": 0.21,
		"carbonDioxidePercentage": 0.09,
		"averageTemperature": 23,
        "compounds": {
            "ammonia": {
                "amount": 300000,
                "density": 0.00002
            },

            "glucose": {
                "amount": 350000,
                "density": 0.00002
            },
            
            "phosphates": {
                "amount": 300000,
                "density": 0.00002
            },

            "hydrogensulfide": {
                "amount": 325000,
                "density": 0.00002
            }
        }
    },
	
	"ice_shelf": {
        "name": "IceShelf",
        "background": "Background_Iceshelf",
		"colors":{
		    "specularColors": {
                "r": 0.98,
                "g": 0.7,
                "b": 0.75
			},
		    "diffuseColors": {
                "r": 1.0,
                "g": 0.9,
                "b": 0.9
			}
		},
        
		"oxygenPercentage": 0.21,
		"carbonDioxidePercentage": 0.09,
		"averageTemperature": -1,
        
        "compounds": {
            "ammonia": {
                "amount": 300000,
                "density": 0.00002
            },

            "glucose": {
                "amount": 350000,
                "density": 0.00002
            },
            
            "phosphates": {
                "amount": 300000,
                "density": 0.00002
            },

            "hydrogensulfide": {
                "amount": 325000,
                "density": 0.00002
            }
        }
    }
}
