{
    "respiration": {
        "name": "Respiration",

        "inputs": {
            "glucose": 0.2
        },

        "outputs": {
            "atp": 14.0
        }
    },
	
	"glycolosis": {
        "name": "Glycolosis",

        "inputs": {
            "glucose": 0.125
        },

        "outputs": {
            "atp": 5.0
        }
    },

    "photosynthesis": {
        "name": "Photosynthesis",

        "inputs": {
            "glucose": 0.0
        },

        "outputs": {
            "glucose": 1.0
        }
    },

    "oxytoxySynthesis": {
        "name": "Oxytoxy Synthesis",

        "inputs": {
            "atp": 1.0
        },

        "outputs": {
            "oxytoxy": 1.0
        }
    },
	
	"chemoSynthesis": {
        "name": "Chemo Synthesis",

        "inputs": {
            "hydrogensulfide": 1.0
        },

        "outputs": {
            "glucose": 2.0
        }
    },
    
    "nitrogenFixing": {
        "name": "Nitrogen Fixing",

        "inputs": {
            "atp": 0.5
        },

        "outputs": {
            "ammonia": 0.2
        }
    },
    
    "protein_respiration": {
        "name": "RespirationProtein",

        "inputs": {
            "glucose": 0.7
        },

        "outputs": {
            "atp": 14.0
        }
    },
    
    "chromatophore_photosynthesis": {
        "name": "Bacterial Photosynthesis",

        "inputs": {
            "glucose": 0.0
        },

        "outputs": {
            "glucose": 0.33
        }
    }
}
