{
    "atp": {
        "name": "ATP",
        "volume": 1,
        "isCloud": false,
        "isUseful": true,
        "colour": {
            "r": 0.235,
            "g": 0.627,
            "b": 0.705
        }
    },
    
    "ammonia": {
        "name": "Ammonia",
        "volume": 1,
        "isCloud": true,
        "isUseful": true,
        "colour": {
            "r": 0.6,
            "g": 0.7,
            "b": 0.2
        }
    },

    "phosphates": {
        "name": "Phosphates",
        "volume": 1,
        "isCloud": true,
        "isUseful": true,
        "colour": {
            "r": 0.7,
            "g": 0,
            "b": 0.7
        }
    },

    "hydrogensulfide": {
        "name": "Hydrogen Sulfide",
        "volume": 1,
        "isCloud": true,
        "isUseful": false,
        "colour": {
            "r": 1.0,
            "g": 0.4,
            "b": 0.1
        }
    },
    
    "glucose": {
        "name": "Glucose",
        "volume": 1,
        "isCloud": true,
        "isUseful": true,
        "colour": {
            "r": 0.9,
            "g": 0.9,
            "b": 0.9
        }
    },

    "oxytoxy": {
        "name": "Oxytoxy NT",
        "volume": 1,
        "isCloud": false,
        "isUseful": true,
        "colour": {
            "r": 0.078,
            "g": 0.0,
            "b": 0.078
        }
    }
}
