{
    "prefixcofix": [
        "Untrust",
        "Kines",
        "Atrox",
        "hhyyrylain",
        "Whal",
        "Crodn",
        "Kraken",
        "Creat",
        "Narotiz",
        "Minegam",
        "Monti",
        "Nick",
        "Sporef",
        "Dickinson",
        "Wigglesworth",
        "Glossin",
        "Oliver",
        "Irritat",
        "Quantum",
        "Crab",
        "Oliv",
        "River",
        "Prim",
        "Prem",
        "Kapp"
    ],
    
    "prefixes_v": [
        "Ni",
        "Pi",
        "Ra",
        "Sa",
        "Ce",
        "Zo",
        "Ta",
        "Tu",
        "Mo",
        "Pa",
        "So",
        "Oe",
        "Squ",
        "Pri",
        "Pre",
        "Pra",
        "Ki",
        "Pa",
        "Pru",
        "Ma",
        "Me",
        "Mu",
        "Mi",
        "Mo",
        "Na",
        "No",
        "Nu",
        "Ne",
        "Lo",
        "Li",
        "Lu",
        "La",
        "Le",
        "E",
        "A",
        "I",
        "O",
        "U",
        "Pri",
        "Pli",
        "Che",
        "Cho",
        "Cha",
        "Chu",
        "Chi",
        "Cye",
        "Cya",
        "Cyo",
        "Cyi",
        "Cyu"
     ],

    "prefixes_c": [
        "Cl",
        "Cr",
        "Tox",
        "Tax",
        "Tix",
        "Tux",
        "Tex",
        "Cyt",
        "Hyt",
        "Kyt",
        "Kym",
        "Cym",
        "Hym",
        "Cen",
        "Cer",
        "Con",
        "Dic",
        "Eg",
        "Gr",
        "Kr",
        "Nov",
        "Nub",
        "Kin",
        "Mel",
        "Mit",
        "My",
        "Gl",
        "Noc",
        "Fis",
        "Hy",
        "Ph",
        "Pl",
        "Pr",
        "Psy",
        "Rh",
        "Sc",
        "Sh",
        "Sk",
        "St",
        "Sn",
        "Sp",
        "Th",
        "Tr",
        "Zh",
        "Than",
        "Pel",
        "Per",
        "Sar",
        "Syn",
        "Ty",
        "Var",
        "Vic",
        "Vir",
        "Zy",
        "Ab",
        "Ant",
        "Ac",
        "Ar",
        "As",
        "At",
        "Ak",
        "An",
        "Ab",
        "Eb",
        "En",
        "Ek",
        "Ec",
        "Et",
        "Er",
        "Et",
        "Es",
        "Is",
        "It",
        "Ik",
        "In",
        "Ib",
        "Is",
        "Ob",
        "On",
        "Ok",
        "Oc",
        "Ot",
        "Or",
        "Os",
        "Ub",
        "Un",
        "Uk",
        "Uc",
        "Ut",
        "Ur",
        "Us",
        "Abys",
        "Ax",
        "El",
        "En",
        "Er",
        "Id",
        "In",
        "Oc",
        "Op",
        "Occ",
        "Ect",
        "Oh",
        "Or",
        "Ob",
        "Od",
        "Ol",
        "Unt",
        "Un",
        "Up",
        "Und",
        "Unc",
        "Nem"
    ],	
	 
    "cofixes_v": [
        "inson",
        "af",
        "ag",
        "alo",
        "ama",
        "an",
        "ar",
        "as",
        "ec",
        "ep",
        "es",
        "et",
        "ic",
        "ilo",
        "im",
        "in",
        "io",
        "itu",
        "iv",
        "oco",
        "od",
        "om",
        "on",
        "op",
        "ost",
        "ot",
        "ox",
        "ub",
        "ul",
        "un",
        "up",
        "op",
        "ip",
        "ap",
        "ep"
     ],
	 
    "cofixes_c": [
        "cia",
        "cil",
        "co",
        "cug",
        "go",
        "hae",
        "hi",
        "hid",
        "lar",
        "le",
        "lea",
        "li",
        "los",
        "mo",
        "mos",
        "na",
        "nan",
        "ni",
        "ro",
        "rox",
        "tra",
        "til",
        "si",
        "sul",
        "vi",
        "mum",
        "mim",
        "mam",
        "mem",
        "mom",
        "mun",
        "min",
        "man",
        "men",
        "mon",
        "yt",
        "yn"
    ],
    
    "suffixes_v": [
        "olera",
        "ilia",
        "idia",
        "ium",
        "um",
        "un",
        "an",
        "on",
        "en",
        "in",
        "ion",
        "ien",
        "ian",
        "iem",
        "iom",
        "is",
        "as",
        "es",
        "os",
        "us",
        "olus",
        "ila",
        "ola",
        "ala",
        "ela",
        "ula",
        "ex",
        "ax",
        "ix",
        "ox",
        "ux",
        "ia",
        "sia",
        "an",
        "alia",
        "ite",
        "ili",
        "ian",
        "ales",
        "ella",
        "ens",
        "opsis",
        "upsis",
        "epsis",
        "apsis",
        "ipsis",
        "ansis",
        "ensis",
        "insis",
        "onsis",
        "unsis"
    ],
    
    
    "suffixes_c": [
        "pien",
        "pion",
        "pian",
        "piun",
        "rius",
        "nien",
        "ster",
        "stir",
        "canus",
        "tus",
        "cys",
        "trum",
        "nea",
        "ceae",
        "ra",
        "tor",
        "sia",
        "data",
        "dae",
        "mia",
        "quito",
        "hin",
        "guar",
        "yes"
    ]
}
